x,y
386.3171333640299,12.5
357.07138084302,12.375
338.8927169768066,12.25
338.21802357141746,12.125
332.9090335143173,12
326.15991102806356,11.979591836734693
311.2946150212852,11.959183673469388
308.38999637946927,11.938775510204081
304.36915813446194,11.918367346938776
302.9217585595744,11.89795918367347
301.85749316037146,11.877551020408163
297.32574678525214,11.857142857142858
294.37557264769003,11.83673469387755
293.28906748064566,11.816326530612244
292.48881910781586,11.795918367346939
291.91749961415655,11.775510204081632
291.2092189759932,11.755102040816327
285.3594126458965,11.73469387755102
282.1655777316036,11.714285714285714
279.5933518298254,11.693877551020408
278.06547659659554,11.673469387755102
276.53416991406425,11.653061224489797
269.7188908015657,11.63265306122449
268.9043333474088,11.612244897959183
266.6654508338917,11.591836734693878
263.63381937348055,11.571428571428571
261.90456914264183,11.551020408163266
261.754113395558,11.53061224489796
259.6814201645873,11.510204081632653
259.50321373153696,11.489795918367347
257.65862467784876,11.46938775510204
257.45593843461774,11.448979591836736
256.38248618930857,11.428571428571429
255.51682475085008,11.408163265306122
255.12063935782646,11.387755102040817
254.0041961950817,11.36734693877551
253.5346145985634,11.346938775510203
253.35988361945584,11.326530612244898
250.0285898733348,11.306122448979592
249.12154380924403,11.285714285714286
239.60592807942544,11.26530612244898
232.58182390113777,11.244897959183673
232.37886589034656,11.224489795918368
232.36804386476953,11.204081632653061
229.83729142041693,11.183673469387756
226.8113578409641,11.16326530612245
226.79115372828065,11.142857142857142
221.63609489002016,11.122448979591837
219.52337001324568,11.10204081632653
217.7541657008435,11.081632653061224
216.20822534444272,11.061224489795919
214.07189198696383,11.040816326530612
209.76976039056802,11.020408163265307
206.0433770877621,11
204.8241122438447,10.991150442477876
203.00929387712313,10.982300884955752
202.2265175436081,10.973451327433628
200.47036390231287,10.964601769911505
198.41113739413424,10.955752212389381
198.2516872523691,10.946902654867257
197.8152906325466,10.938053097345133
197.74003243544294,10.929203539823009
196.97788179823806,10.920353982300885
195.77056490884397,10.91150442477876
194.1790737077469,10.902654867256636
193.8447836693093,10.893805309734514
191.8845888181314,10.88495575221239
190.81192553219978,10.876106194690266
190.12789895124286,10.867256637168142
189.5511864839497,10.858407079646017
189.36301631340376,10.849557522123893
188.20425284099144,10.84070796460177
188.16792111400304,10.831858407079647
187.74856679990793,10.823008849557523
186.85825251647597,10.814159292035399
186.3957504322876,10.805309734513274
185.68777434478156,10.79646017699115
185.4162617342962,10.787610619469026
184.02616101324702,10.778761061946902
183.5987810869154,10.769911504424778
183.14225261566742,10.761061946902656
178.7729938282469,10.752212389380531
178.55582511997662,10.743362831858407
178.23532635579306,10.734513274336283
178.22037108635317,10.725663716814159
178.15993337319486,10.716814159292035
177.61537054348727,10.70796460176991
176.20630633696118,10.699115044247787
174.72055290770894,10.690265486725664
174.39795153268128,10.68141592920354
174.3703794816686,10.672566371681416
174.2010350515285,10.663716814159292
174.11897895442786,10.654867256637168
173.6238891319847,10.646017699115044
172.4554530538806,10.63716814159292
171.95054345222954,10.628318584070797
171.913197614203,10.619469026548673
170.8411059390869,10.610619469026549
170.37541499006448,10.601769911504425
170.152263399261,10.5929203539823
170.03963717121601,10.584070796460177
169.67221285150003,10.575221238938052
169.53559401916166,10.56637168141593
169.2526638489123,10.557522123893806
168.8902177985792,10.548672566371682
168.57585234785336,10.539823008849558
168.2479940121094,10.530973451327434
168.14519312525698,10.52212389380531
167.95301117779132,10.513274336283185
167.39746568389103,10.504424778761061
167.1324832068094,10.495575221238939
166.93180636935938,10.486725663716815
166.2994138041776,10.47787610619469
166.0482125737513,10.469026548672566
164.4554159321097,10.460176991150442
164.32392037707243,10.451327433628318
164.1808689937799,10.442477876106194
163.8484655382058,10.43362831858407
163.4159054393443,10.424778761061948
163.1440603436919,10.415929203539823
162.85069731214503,10.4070796460177
162.84161885152784,10.398230088495575
162.82474255831283,10.389380530973451
162.75690729192337,10.380530973451327
162.4991073402819,10.371681415929203
162.14855307005016,10.36283185840708
161.25389568502013,10.353982300884956
160.96112077625358,10.345132743362832
160.68916060313055,10.336283185840708
160.62742501686122,10.327433628318584
160.5900067904659,10.31858407079646
160.23002224227338,10.309734513274336
159.12867506939705,10.300884955752213
158.2233655266609,10.29203539823009
157.84598364362245,10.283185840707965
156.8131303741836,10.274336283185841
156.57526708200135,10.265486725663717
155.76012585332992,10.256637168141593
154.00546389567825,10.247787610619469
153.61342733838455,10.238938053097344
153.52516742798,10.230088495575222
152.70097600661393,10.221238938053098
152.4401225294789,10.212389380530974
151.50869420998148,10.20353982300885
151.45688820921873,10.194690265486726
151.01416849959705,10.185840707964601
150.47217651861166,10.176991150442477
150.38436738239287,10.168141592920353
150.17073929678483,10.15929203539823
150.16758266271484,10.150442477876107
149.57575304752496,10.141592920353983
148.41545526330793,10.132743362831858
147.48977348408633,10.123893805309734
147.23186376266264,10.11504424778761
146.9914939284352,10.106194690265486
146.97308664931197,10.097345132743364
146.26931543211188,10.08849557522124
145.68475120022708,10.079646017699115
145.48256962144006,10.070796460176991
145.22896533942293,10.061946902654867
145.16341806689772,10.053097345132743
144.7066464242614,10.044247787610619
144.5124974468633,10.035398230088497
144.17678460388098,10.026548672566372
144.0622110155986,10.017699115044248
143.95984280436042,10.008849557522124
143.42087098696095,10
142.54918267714908,9.991803278688524
142.2441639705401,9.98360655737705
142.14716363004908,9.975409836065573
142.08064185546107,9.967213114754099
141.69499074935956,9.959016393442623
141.64671749837566,9.950819672131148
140.96694443439574,9.942622950819672
140.7704529777183,9.934426229508198
140.30397549974998,9.926229508196721
140.143465053892,9.918032786885245
139.96944761165264,9.90983606557377
139.3539119518998,9.901639344262295
139.0062856641791,9.89344262295082
138.84956184645702,9.885245901639344
138.71504497674047,9.87704918032787
138.51284309693557,9.868852459016393
138.48604855071207,9.860655737704919
137.4044815814653,9.852459016393443
137.34154445568865,9.844262295081966
137.31886966340267,9.836065573770492
136.51269367921344,9.827868852459016
135.7811840137933,9.819672131147541
135.57359873394307,9.811475409836065
135.42291775582655,9.80327868852459
134.97786636706195,9.795081967213115
134.18975936727142,9.78688524590164
133.7273447344,9.778688524590164
133.1249931052868,9.770491803278688
132.77282377026384,9.762295081967213
132.6583036875491,9.754098360655737
132.33778887164283,9.745901639344263
132.247056399019,9.737704918032787
132.2395252593781,9.729508196721312
132.2055690300853,9.721311475409836
132.09221633402504,9.71311475409836
131.60106441429588,9.704918032786885
130.99931403559015,9.69672131147541
130.1721268886812,9.688524590163935
129.62851495891812,9.680327868852459
129.55508051164898,9.672131147540984
129.51041363683458,9.663934426229508
129.1903943439868,9.655737704918034
128.27884708257278,9.647540983606557
128.2097058306186,9.639344262295081
128.02086869882373,9.631147540983607
127.53305073802187,9.62295081967213
127.50774126945954,9.614754098360656
127.38933543191456,9.60655737704918
126.83278825341063,9.598360655737705
126.48521389461855,9.59016393442623
125.69977519775125,9.581967213114755
125.3884499759183,9.573770491803279
125.12236700101693,9.565573770491802
124.84875052220542,9.557377049180328
124.75252964980957,9.549180327868852
124.64579227479804,9.540983606557377
124.51176035334933,9.532786885245901
124.33345262056186,9.524590163934427
124.16538239163239,9.51639344262295
124.0299334065016,9.508196721311476
123.69077525515176,9.5
123.35970599862426,9.491803278688524
123.26546722382494,9.48360655737705
122.4880281223911,9.475409836065573
122.40867214161992,9.467213114754099
122.22823028451529,9.459016393442623
121.99890996597006,9.450819672131148
121.918692374725,9.442622950819672
120.84614070324821,9.434426229508198
120.59485134028442,9.426229508196721
120.30361594167239,9.418032786885245
120.23049930761447,9.40983606557377
120.07325279109143,9.401639344262295
119.65866383684774,9.39344262295082
119.42385794174291,9.385245901639344
119.37463455799512,9.37704918032787
118.93760933308582,9.368852459016393
118.78099791328991,9.360655737704917
118.54301853993351,9.352459016393443
118.25739775462,9.344262295081966
118.07705104205873,9.336065573770492
117.83143551546137,9.327868852459016
117.71301024558389,9.319672131147541
117.69978296183994,9.311475409836065
117.39258018001675,9.30327868852459
117.31742518708317,9.295081967213115
117.285992994852,9.28688524590164
116.46649076172466,9.278688524590164
116.37955883012387,9.270491803278688
115.77334536717638,9.262295081967213
115.70323742308165,9.254098360655737
115.34946140832245,9.245901639344263
114.15351318437905,9.237704918032787
114.109824075541,9.229508196721312
113.9167219674981,9.221311475409836
113.9120091457421,9.21311475409836
113.45960056359242,9.204918032786885
113.44720394925282,9.19672131147541
112.71298309722616,9.188524590163935
112.66902560192857,9.180327868852459
112.53369935619298,9.172131147540984
112.50795971305337,9.163934426229508
112.08306257814517,9.155737704918034
112.08247048165876,9.147540983606557
112.00585519531734,9.139344262295083
111.57165275682519,9.131147540983607
111.40910016876741,9.12295081967213
111.36342397893009,9.114754098360656
110.9788139133206,9.10655737704918
110.92002892543724,9.098360655737705
110.67842061453737,9.09016393442623
110.06028191978454,9.081967213114755
110.05520638622723,9.073770491803279
110.03194012899631,9.065573770491802
109.94556457104412,9.057377049180328
109.92977229244624,9.049180327868852
109.79897699054933,9.040983606557377
109.68193455565138,9.032786885245901
109.40936119739094,9.024590163934427
109.24503272342996,9.01639344262295
109.14583636027852,9.008196721311476
108.95711558577334,9
108.21689697567989,8.994117647058824
108.16833930981895,8.988235294117647
108.02984292849649,8.98235294117647
107.58075771202036,8.976470588235294
107.13490337491208,8.970588235294118
106.39048135605775,8.964705882352941
105.70132306914871,8.958823529411765
105.53037223277597,8.952941176470588
105.4875806480379,8.947058823529412
105.33667374468257,8.941176470588236
105.30746684301413,8.935294117647059
104.88803849428373,8.929411764705883
104.71398167639624,8.923529411764706
104.60161126775321,8.91764705882353
104.32439142337635,8.911764705882353
104.02566370663294,8.905882352941177
103.93958779231654,8.9
103.68385052886451,8.894117647058824
103.17228853727278,8.888235294117647
103.16209029545897,8.882352941176471
102.5507368535577,8.876470588235295
102.32858785849044,8.870588235294118
102.3207158288182,8.864705882352942
101.97816967078009,8.858823529411765
101.89012102838274,8.852941176470589
101.25795288203898,8.847058823529412
101.22866771136117,8.841176470588236
101.11546056270639,8.83529411764706
100.72696581296385,8.829411764705883
100.34629154702823,8.823529411764707
100.13256854931282,8.81764705882353
100.07985358351372,8.811764705882354
99.48075222907968,8.805882352941177
99.17980590175381,8.8
99.13537469087817,8.794117647058824
98.71477463199228,8.788235294117648
98.60467859971807,8.782352941176471
98.19130644264378,8.776470588235295
97.81224816720967,8.770588235294118
97.74881169118223,8.764705882352942
97.4967995967895,8.758823529411766
97.4955768850538,8.75294117647059
96.87348968484174,8.74705882352941
96.8127476783723,8.741176470588234
96.62276614586007,8.735294117647058
96.50388768117503,8.729411764705882
95.91921555813666,8.723529411764705
95.59247579240959,8.717647058823529
95.25209415154445,8.711764705882352
95.20807635494614,8.705882352941176
95.11996762837882,8.7
94.28763261010721,8.694117647058823
94.21156837861727,8.688235294117646
94.0425924727228,8.68235294117647
93.59015295655307,8.676470588235293
93.47485731391566,8.670588235294117
92.53522875879479,8.66470588235294
92.06513718455189,8.658823529411764
91.90355450711307,8.652941176470588
91.69313545661174,8.647058823529411
91.30515277360169,8.641176470588235
90.96303133567675,8.635294117647058
90.95408325811732,8.629411764705882
90.50294966971404,8.623529411764705
90.3457524958417,8.617647058823529
90.27280448560244,8.611764705882353
90.21031863902184,8.605882352941176
90.20157159372799,8.6
89.88750536490053,8.594117647058823
89.7765648286758,8.588235294117647
89.70477179714725,8.58235294117647
89.65198738373562,8.576470588235294
89.59491097819974,8.570588235294117
89.55611175412513,8.564705882352941
88.60616102768077,8.558823529411764
88.07053059101855,8.552941176470588
87.91896249364684,8.547058823529412
87.91526852237097,8.541176470588235
87.76223915740898,8.535294117647059
87.59002088605708,8.529411764705882
87.45101079694679,8.523529411764706
87.14452227316043,8.51764705882353
87.10550877805447,8.511764705882353
86.37308367033764,8.505882352941176
86.18765923166389,8.5
85.95718554215108,8.494117647058824
85.92491000756468,8.488235294117647
85.80837690548225,8.48235294117647
85.79411021153092,8.476470588235294
85.6103402540156,8.470588235294118
85.49964136621837,8.464705882352941
85.02735955812406,8.458823529411765
84.88691061455205,8.452941176470588
84.82699581022509,8.447058823529412
84.14532015089375,8.441176470588236
83.87560714209988,8.435294117647059
83.36397399850047,8.429411764705883
83.30489705702769,8.423529411764706
83.25354424281542,8.41764705882353
83.08982762504093,8.411764705882353
82.7113008898146,8.405882352941177
82.6378564986983,8.4
82.47670093716843,8.394117647058824
82.28117283898406,8.388235294117647
82.18645153809646,8.382352941176471
82.11407877935339,8.376470588235295
81.96421015876238,8.370588235294118
81.66755095368966,8.364705882352942
81.62725120756409,8.358823529411765
81.3718099390917,8.352941176470589
81.22471940811596,8.347058823529412
81.0753534501006,8.341176470588236
80.8832770745666,8.33529411764706
80.61696514915904,8.329411764705883
80.36662148804805,8.323529411764707
80.18132294291715,8.31764705882353
79.87402737664075,8.311764705882354
79.6692642243197,8.305882352941177
79.24917874542022,8.3
79.16623196963727,8.294117647058824
78.49681130760514,8.288235294117648
78.30347908870546,8.282352941176471
78.01661829561989,8.276470588235295
77.59837562817548,8.270588235294118
77.55960072534799,8.264705882352942
77.1722963206368,8.258823529411764
77.12803514414036,8.25294117647059
77.04191325035295,8.24705882352941
77.00687073196012,8.241176470588236
76.74246878515305,8.235294117647058
76.71162531258847,8.229411764705882
76.56775025037756,8.223529411764705
76.13866491389336,8.217647058823529
75.67720920508278,8.211764705882352
74.68170089013422,8.205882352941176
74.29070732607802,8.2
74.17253725555071,8.194117647058823
74.02054984952883,8.188235294117646
73.59766002271716,8.18235294117647
73.53298897682559,8.176470588235293
73.34266053928066,8.170588235294117
72.90177872153625,8.16470588235294
72.41640767096781,8.158823529411764
72.32681305777568,8.152941176470588
71.7180905835792,8.147058823529411
71.6728524182057,8.141176470588235
71.34260605582455,8.135294117647058
70.71930384826015,8.129411764705882
70.6655788547304,8.123529411764705
70.56836302741145,8.117647058823529
70.32558412519919,8.111764705882353
70.2178986347194,8.105882352941176
70.06879057352646,8.1
70.03084183844938,8.094117647058823
70.0208788440057,8.088235294117647
69.84777671819934,8.08235294117647
69.71088336177118,8.076470588235294
69.65838941339437,8.070588235294117
69.43962209330653,8.064705882352941
69.1131007620949,8.058823529411764
69.05388424332246,8.052941176470588
67.85314300927587,8.047058823529412
67.57563705771294,8.041176470588235
67.425987728906,8.035294117647059
66.33764100180842,8.029411764705882
65.9865127945458,8.023529411764706
65.33461463042923,8.01764705882353
65.04187428983292,8.011764705882353
64.4957694126859,8.005882352941176
63.65316963508318,8
63.084747702480264,7.994285714285715
62.48452862339283,7.988571428571428
61.93211410313198,7.982857142857143
61.93076142022182,7.977142857142857
61.756943103872864,7.9714285714285715
61.105564898836974,7.965714285714285
60.844021519088656,7.96
60.545343994508535,7.954285714285715
60.15568171082804,7.948571428571428
59.70031060369824,7.942857142857143
59.468591423152716,7.937142857142857
58.635235758634394,7.9314285714285715
58.55060016893321,7.925714285714285
58.54098706477692,7.92
58.51448138763974,7.914285714285715
57.70574322223859,7.908571428571428
57.350802959904996,7.902857142857143
56.93044236950481,7.897142857142857
56.54713454814075,7.8914285714285715
55.80046747948065,7.885714285714286
55.529106354623835,7.88
55.36902256243071,7.8742857142857146
55.17669726296733,7.868571428571428
55.06373129277288,7.862857142857143
54.71876623168099,7.857142857142857
54.45153410904282,7.851428571428571
54.11715100845809,7.845714285714286
54.05137711487244,7.84
53.628886258530535,7.8342857142857145
53.370547004841505,7.828571428571428
53.312938412394345,7.822857142857143
53.28631771009256,7.817142857142857
52.97683462095707,7.811428571428571
52.88481481131911,7.805714285714286
51.683456566566136,7.8
51.42439919666685,7.7942857142857145
50.51573040850474,7.788571428571428
50.512148618572795,7.782857142857143
50.281898601280794,7.777142857142858
50.018868403198084,7.771428571428571
49.74962190670347,7.765714285714286
49.7353359035588,7.76
49.55500978546771,7.7542857142857144
49.481722508264816,7.748571428571428
49.4011093294501,7.742857142857143
49.31716308256156,7.7371428571428575
49.137750328445165,7.731428571428571
48.84858237112216,7.725714285714286
48.7782743282165,7.72
48.08697957621438,7.714285714285714
47.980564059222,7.708571428571428
47.96736976080085,7.702857142857143
47.546979676629576,7.6971428571428575
47.50784438078778,7.691428571428571
47.433820598358054,7.685714285714286
47.23720276546308,7.68
47.08356208666329,7.674285714285714
46.712433894250196,7.668571428571429
46.57600393069163,7.662857142857143
46.44734249705002,7.6571428571428575
45.98449802618744,7.651428571428571
45.879609765532194,7.645714285714286
45.60951051358884,7.64
45.341994373106985,7.634285714285714
45.2991122227254,7.628571428571428
44.89234940536272,7.622857142857143
44.352360020964454,7.617142857142857
43.85178186153202,7.611428571428571
43.47983328735247,7.605714285714286
43.45935946500185,7.6
43.316725069540695,7.594285714285714
42.96865490629336,7.588571428571429
42.179031792894094,7.582857142857143
42.0068771395237,7.577142857142857
41.99237125519319,7.571428571428571
41.879513824939785,7.565714285714286
41.55397311973411,7.56
40.7561036174883,7.554285714285714
40.65418774453513,7.548571428571429
40.48208152281279,7.542857142857143
40.42475094741885,7.537142857142857
40.082004494675445,7.531428571428571
40.01992445500249,7.525714285714286
39.14816974361315,7.52
38.54943446464029,7.514285714285714
38.52625016957104,7.508571428571429
38.24370592614244,7.502857142857143
38.18032991049733,7.497142857142857
37.725125780628034,7.491428571428571
37.06322843959512,7.485714285714286
36.82831802239256,7.48
36.48186381106387,7.474285714285714
36.3891494179377,7.468571428571429
36.25929317951681,7.462857142857143
36.09402865430382,7.457142857142857
35.718670605605105,7.451428571428571
35.39880368069131,7.445714285714286
34.600567931839144,7.4399999999999995
34.26411850144365,7.434285714285714
34.141865592185525,7.428571428571429
33.93353633712339,7.422857142857143
33.39208984281319,7.417142857142857
33.263473072026684,7.411428571428571
32.646581209481326,7.405714285714286
32.1017824619556,7.4
31.800616640301737,7.394285714285714
31.698163961190104,7.388571428571429
31.144915656401018,7.382857142857143
31.064033106132836,7.377142857142857
30.98603220557739,7.371428571428572
30.89657057472319,7.365714285714286
30.571080093919413,7.36
30.570323576990575,7.354285714285714
30.31689365342593,7.348571428571429
30.239039494653053,7.3428571428571425
29.979322157101674,7.337142857142857
29.3553930612096,7.331428571428571
28.20065709762095,7.325714285714286
27.784878550582604,7.32
26.807964663263327,7.314285714285714
26.487666467825253,7.308571428571429
26.432825256034906,7.3028571428571425
26.42291628212123,7.297142857142857
26.003066728572406,7.291428571428572
25.874520778235052,7.285714285714286
25.621492990487805,7.28
25.40004974167898,7.274285714285714
25.360652975356146,7.268571428571429
25.34844702883281,7.262857142857143
25.342593432873148,7.257142857142857
25.341127721492956,7.251428571428572
25.27774975746424,7.2457142857142856
25.19708534364461,7.24
25.00637228386518,7.234285714285714
24.11588620729947,7.228571428571429
23.98871964890795,7.222857142857142
23.72038926607088,7.217142857142857
23.578052149930233,7.211428571428572
23.363379324297483,7.2057142857142855
23.0468002958368,7.2
21.807536533624113,7.194285714285714
21.22009543705699,7.188571428571429
21.203173471275846,7.182857142857143
20.954855763673365,7.177142857142857
20.58526715384861,7.171428571428572
20.27813828595771,7.1657142857142855
19.93324511858821,7.16
19.889022681210772,7.154285714285714
19.7995574453628,7.148571428571429
19.267717496717754,7.142857142857143
19.10145221621352,7.137142857142857
18.93148003622638,7.131428571428572
18.90596593979192,7.1257142857142854
18.89395643925655,7.12
18.78914387067706,7.114285714285714
18.437723721782938,7.1085714285714285
18.15845362073428,7.102857142857143
18.009310167040308,7.097142857142857
17.843943615688406,7.091428571428572
17.750455280131202,7.085714285714285
17.72943520066127,7.08
17.115748335473278,7.074285714285715
17.09233240014831,7.0685714285714285
16.826346284134694,7.062857142857143
16.585583508425234,7.057142857142857
16.506449221525827,7.051428571428572
15.709113457776404,7.045714285714285
15.558286584399964,7.04
15.53245153162362,7.034285714285714
15.52123341690378,7.0285714285714285
15.365405964700875,7.022857142857143
15.281588323970396,7.017142857142857
15.196025129610813,7.011428571428572
14.89457670882391,7.005714285714285
14.88734039202736,7
14.50361420962365,6.9944444444444445
14.011506459886949,6.988888888888889
13.939738410935012,6.983333333333333
13.569486755258122,6.977777777777778
13.395475205937428,6.972222222222222
13.338133509028088,6.966666666666667
12.542137113859257,6.961111111111111
12.500720961277624,6.955555555555556
12.258926681686052,6.95
12.11162101219763,6.944444444444445
12.020627879431395,6.938888888888889
11.767676697587937,6.933333333333334
11.577492375234723,6.927777777777778
10.894463534477453,6.9222222222222225
10.275426493163096,6.916666666666667
10.231068515072835,6.911111111111111
9.963898390430703,6.905555555555556
9.882364595008166,6.9
9.535689743484555,6.894444444444445
9.484327813340945,6.888888888888889
9.313473769552814,6.883333333333334
8.948549573198026,6.877777777777778
8.500562464671955,6.872222222222222
8.459475550159585,6.866666666666666
7.690597548916124,6.861111111111111
7.4804811963555915,6.855555555555555
7.360367882222423,6.85
6.662540746454304,6.844444444444444
6.634019879480529,6.838888888888889
6.473568486234945,6.833333333333333
6.175445081759583,6.8277777777777775
5.501569427384292,6.822222222222222
5.318961131150996,6.816666666666666
4.437425986796435,6.811111111111111
4.42011639918291,6.805555555555555
4.349090815002641,6.8
3.466749777865435,6.794444444444444
3.0429000127751493,6.788888888888889
3.0326053704197573,6.783333333333333
2.867790985589524,6.777777777777778
2.3491131912065413,6.772222222222222
2.2870590774770165,6.766666666666667
2.2781034921971233,6.761111111111111
2.198449482879058,6.7555555555555555
2.1581287445100212,6.75
2.017463526626442,6.7444444444444445
1.693900773446386,6.738888888888889
1.5952071872954754,6.733333333333333
0.9976599832322296,6.727777777777778
0.8875776930658232,6.722222222222222
0.5243972000649112,6.716666666666667
0.1639848921249152,6.711111111111111
0.10967056265008163,6.705555555555556
0,6.7
0,6.694444444444445
0,6.688888888888889
0,6.683333333333334
0,6.677777777777778
0,6.6722222222222225
0,6.666666666666667
0,6.661111111111111
0,6.655555555555556
0,6.65
0,6.644444444444445
0,6.638888888888889
0,6.633333333333334
0,6.627777777777778
0,6.622222222222222
0,6.616666666666666
0,6.611111111111111
0,6.605555555555555
0,6.6
0,6.594444444444444
0,6.588888888888889
0,6.583333333333333
0,6.5777777777777775
0,6.572222222222222
0,6.566666666666666
0,6.561111111111111
0,6.555555555555555
0,6.55
0,6.544444444444444
0,6.538888888888889
0,6.533333333333333
0,6.527777777777778
0,6.522222222222222
0,6.516666666666667
-0.7281530417155727,6.511111111111111
-0.8293536991178291,6.5055555555555555
-0.868287673457369,6.5
-1.6176406578461404,6.4944444444444445
-1.695229111461956,6.488888888888889
-1.788573415886344,6.483333333333333
-2.2898896309446553,6.477777777777778
-2.360641991539078,6.472222222222222
-2.6781180492639387,6.466666666666667
-2.702171665244588,6.461111111111111
-3.6955292002690796,6.455555555555556
-5.150225082671377,6.45
-5.211937451836516,6.444444444444445
-5.226251099519341,6.438888888888889
-5.231985851181852,6.433333333333334
-5.251769340449595,6.427777777777778
-5.375137328748732,6.4222222222222225
-5.654582838940425,6.416666666666667
-6.068752580159714,6.411111111111111
-6.1074144797987815,6.405555555555556
-6.901131052684099,6.4
-7.1085094124639525,6.394444444444445
-7.312233594793933,6.388888888888889
-7.638074448257265,6.383333333333333
-7.678415137582056,6.377777777777778
-8.46270537454303,6.372222222222222
-8.716946490395094,6.366666666666667
-9.069042475199678,6.361111111111111
-9.318003595659631,6.355555555555555
-9.404552884536491,6.35
-9.465038790139985,6.344444444444444
-9.4904135477635,6.338888888888889
-9.61324271194791,6.333333333333333
-9.674689467789614,6.3277777777777775
-9.771056762345344,6.322222222222222
-9.83365852594171,6.316666666666666
-10.119222387308547,6.311111111111111
-10.308807080724986,6.305555555555555
-10.555768330654386,6.3
-10.58925774937257,6.294444444444444
-11.092278223901799,6.288888888888889
-11.620522999675837,6.283333333333333
-11.866745627368468,6.277777777777778
-12.626727059455643,6.272222222222222
-12.634640570146495,6.266666666666667
-12.683181008256192,6.261111111111111
-12.70986196335496,6.2555555555555555
-12.824971458483548,6.25
-12.990431057520894,6.2444444444444445
-13.665536171825483,6.238888888888889
-13.97372594900037,6.233333333333333
-14.171643350224597,6.227777777777778
-14.211793317947187,6.222222222222222
-14.240134812469591,6.216666666666667
-14.711772294897697,6.211111111111111
-14.720305214583004,6.205555555555556
-14.987826724259689,6.2
-15.04540907642745,6.194444444444445
-15.05598654977137,6.188888888888889
-16.126614805690654,6.183333333333334
-16.224396867470105,6.177777777777778
-16.381953557588716,6.1722222222222225
-16.741384631116535,6.166666666666667
-17.047740239332033,6.161111111111111
-17.71781555457962,6.155555555555556
-19.10059470044085,6.15
-19.263770582717918,6.144444444444445
-19.556992173671297,6.138888888888889
-19.623124906025776,6.133333333333333
-19.64447215825131,6.127777777777778
-19.689243565633458,6.122222222222222
-21.65106875279098,6.116666666666667
-21.651218684754202,6.111111111111111
-21.762130519599232,6.105555555555555
-22.250807771461492,6.1
-22.260755777719112,6.094444444444444
-22.64759412327988,6.088888888888889
-23.616572783610685,6.083333333333333
-23.640156732804286,6.0777777777777775
-23.671708780128245,6.072222222222222
-24.05491317703356,6.066666666666666
-24.463355779938993,6.061111111111111
-24.59506727796288,6.055555555555555
-24.62396794414263,6.05
-25.511986194179137,6.044444444444444
-25.621067908996647,6.038888888888889
-25.678501152073284,6.033333333333333
-25.945651408672568,6.027777777777778
-26.42557031298663,6.022222222222222
-26.7587423303258,6.016666666666667
-27.26289449368315,6.011111111111111
-28.078794361639844,6.0055555555555555
-28.247408753992996,6
-28.653607802980677,5.993827160493828
-28.88601712129003,5.987654320987654
-28.918032227352818,5.981481481481482
-28.926669527566993,5.9753086419753085
-29.233707349325332,5.969135802469136
-29.367312489870237,5.962962962962963
-30.01734789991742,5.95679012345679
-30.052879508719016,5.950617283950617
-30.149149998113803,5.944444444444445
-30.638919770309993,5.938271604938271
-31.44312156130718,5.932098765432099
-31.538756142534858,5.925925925925926
-31.58282598981423,5.919753086419753
-31.592597861386402,5.91358024691358
-31.742220625544117,5.907407407407407
-32.557262754121,5.901234567901234
-32.70412698930853,5.895061728395062
-32.729418164606834,5.888888888888889
-33.13109300264691,5.882716049382716
-33.2701631858192,5.8765432098765435
-33.618155334759095,5.87037037037037
-34.01604640990282,5.864197530864198
-34.098562028225494,5.8580246913580245
-35.145904775106665,5.851851851851852
-35.224533652162506,5.845679012345679
-35.33066378806848,5.839506172839506
-35.36656645569164,5.833333333333333
-36.230412959068694,5.827160493827161
-36.36010815659979,5.820987654320987
-36.57846896636421,5.814814814814815
-36.64416025851205,5.808641975308642
-36.913556108446784,5.802469135802469
-36.91634325601265,5.796296296296297
-36.96752275437014,5.790123456790123
-37.11290649242301,5.783950617283951
-37.49247378482011,5.777777777777778
-37.76311388948984,5.771604938271605
-38.2769841766686,5.765432098765432
-38.406126201712745,5.7592592592592595
-38.90753152443447,5.753086419753086
-38.97090707038866,5.746913580246914
-39.275681175486305,5.7407407407407405
-39.59579870003719,5.734567901234568
-39.85687370678498,5.728395061728395
-40.07275459835803,5.722222222222222
-40.14238521452784,5.716049382716049
-40.24570046839266,5.709876543209877
-40.34634732336517,5.703703703703704
-40.42422018495993,5.697530864197531
-40.679211412286605,5.691358024691358
-40.82230691758635,5.685185185185185
-40.97065017649336,5.679012345679013
-41.108246854661836,5.672839506172839
-41.64261468478909,5.666666666666667
-41.81060547697979,5.660493827160494
-42.11225848090826,5.654320987654321
-42.1690401954611,5.648148148148148
-42.6080587731958,5.6419753086419755
-43.145618454470785,5.635802469135802
-43.20373686693354,5.62962962962963
-43.8473910581286,5.6234567901234565
-44.36717031149003,5.617283950617284
-44.40427558351286,5.611111111111111
-44.62463486696695,5.604938271604938
-44.67910396218938,5.598765432098766
-44.783618962585656,5.592592592592593
-45.10845372388756,5.58641975308642
-45.13022689475188,5.580246913580247
-45.14102484022063,5.574074074074074
-45.904385124421154,5.567901234567901
-45.94791714696761,5.561728395061729
-46.117420976713305,5.555555555555555
-46.12241648203802,5.549382716049383
-46.570380546025085,5.54320987654321
-46.873987484240736,5.537037037037037
-47.115440059400555,5.530864197530864
-47.28886282773171,5.5246913580246915
-47.4306027901078,5.518518518518518
-47.60523490067468,5.512345679012346
-48.03434521848529,5.506172839506172
-48.19996410613375,5.5
-48.635222838512064,5.493827160493828
-48.946118945213534,5.487654320987654
-49.07653605902686,5.481481481481482
-49.141401619104975,5.4753086419753085
-49.408632808995044,5.469135802469136
-50.040250705586644,5.462962962962963
-50.61248290535771,5.45679012345679
-51.097269499695685,5.450617283950617
-51.61226179916208,5.444444444444445
-52.035976044294316,5.438271604938271
-52.569482204203716,5.432098765432099
-52.78135011120787,5.425925925925926
-52.88211952615965,5.419753086419753
-53.206789541227735,5.41358024691358
-53.289563399025305,5.407407407407407
-53.861273932975834,5.401234567901234
-53.89082811773499,5.395061728395062
-53.92148617253001,5.388888888888889
-53.98355017635439,5.382716049382716
-54.110740552996816,5.3765432098765435
-54.329316047153476,5.37037037037037
-55.05683041515471,5.364197530864198
-55.60618279042613,5.3580246913580245
-55.942143092392044,5.351851851851852
-56.30879280112206,5.345679012345679
-56.51410183801271,5.339506172839506
-56.82236574350004,5.333333333333333
-57.29461252879866,5.327160493827161
-57.31851610641247,5.320987654320987
-57.5123942631098,5.314814814814815
-57.55755424109996,5.3086419753086425
-57.59617069065465,5.302469135802469
-58.26590914612504,5.296296296296296
-60.21072714553353,5.290123456790123
-61.143741854536145,5.283950617283951
-61.67179115624444,5.277777777777778
-62.058099696340925,5.271604938271605
-62.589138151052694,5.265432098765432
-62.692249763530654,5.2592592592592595
-63.13414238833727,5.253086419753086
-63.55732159262881,5.246913580246914
-63.63330616443766,5.2407407407407405
-63.76544595308827,5.234567901234568
-63.824750014607986,5.228395061728395
-64.1758022419008,5.222222222222222
-64.47026953736058,5.216049382716049
-64.83795709361983,5.209876543209877
-65.31366127799105,5.203703703703704
-65.49548037333464,5.197530864197531
-65.5789809379628,5.1913580246913575
-65.88288569944594,5.185185185185185
-66.01521734992598,5.179012345679013
-66.02545104778704,5.172839506172839
-66.46306016538934,5.166666666666667
-67.07938055631007,5.160493827160494
-67.42356104208325,5.154320987654321
-70.29121120077593,5.148148148148148
-70.58151944395384,5.1419753086419755
-70.71742787467818,5.135802469135802
-70.79222494613056,5.12962962962963
-71.59747499030175,5.1234567901234565
-71.61763337653514,5.117283950617284
-72.0432409599354,5.111111111111111
-72.12164727269571,5.104938271604938
-72.2024848801475,5.098765432098766
-73.40734676277349,5.092592592592593
-73.42242501310552,5.08641975308642
-73.46873806172307,5.080246913580247
-74.79495497223905,5.074074074074074
-75.70234683077722,5.067901234567901
-75.91687637200621,5.061728395061729
-75.94040431547117,5.055555555555555
-75.95402096284282,5.049382716049383
-77.35716461622287,5.04320987654321
-77.71556215562377,5.037037037037037
-77.7813489268101,5.030864197530864
-78.01670440273634,5.0246913580246915
-78.45366978922229,5.018518518518518
-78.73696716201826,5.012345679012346
-79.78799864565951,5.006172839506172
-79.84405902342617,5
-80.20241328845458,4.9935064935064934
-80.28572527836121,4.987012987012987
-81.27977151352749,4.98051948051948
-82.13341775819704,4.974025974025974
-82.5586225856499,4.967532467532467
-83.38052751977278,4.961038961038961
-83.50248387974023,4.954545454545454
-83.55530651083615,4.9480519480519485
-83.8261611151144,4.941558441558442
-84.0241887788935,4.935064935064935
-84.13010155670176,4.928571428571429
-84.69801105631531,4.922077922077922
-85.28607497764088,4.915584415584416
-85.90874602037518,4.909090909090909
-85.94134415302166,4.902597402597403
-87.38132321663709,4.896103896103896
-88.13591864837875,4.8896103896103895
-88.23054862540762,4.883116883116883
-89.39252611096542,4.876623376623376
-89.85264598163876,4.87012987012987
-89.88388107240692,4.863636363636363
-90.2776323666852,4.857142857142857
-90.77760996176751,4.85064935064935
-90.87782160870982,4.8441558441558445
-90.96105640963309,4.837662337662338
-91.51684873554177,4.8311688311688314
-91.94116524853793,4.824675324675325
-91.98986083052182,4.818181818181818
-92.75980928785276,4.811688311688312
-92.80823919244976,4.805194805194805
-93.03293421522756,4.798701298701299
-93.0335359526347,4.792207792207792
-93.46446286817479,4.785714285714286
-93.58113659654879,4.779220779220779
-93.9214654772266,4.7727272727272725
-94.71926008443339,4.766233766233766
-95.85842576175509,4.759740259740259
-96.14925541548442,4.753246753246753
-96.61545603092182,4.746753246753247
-96.63981091829876,4.740259740259741
-96.8065272479332,4.733766233766234
-96.83564143723066,4.7272727272727275
-96.9416008389232,4.720779220779221
-97.02558952668493,4.714285714285714
-97.02924448032243,4.707792207792208
-97.40450418031804,4.701298701298701
-97.5811253105987,4.694805194805195
-97.96014276149717,4.688311688311688
-98.12127625440401,4.681818181818182
-98.3697462555892,4.675324675324675
-98.66644203437671,4.6688311688311686
-99.1064209930371,4.662337662337662
-99.15420216853418,4.6558441558441555
-99.21714950312769,4.64935064935065
-99.55829533853766,4.642857142857143
-99.87874001271126,4.636363636363637
-100.06044543336581,4.62987012987013
-100.22831495911242,4.623376623376624
-100.96389701315077,4.616883116883117
-101.094013409824,4.6103896103896105
-101.34933785379144,4.603896103896104
-101.88175770131167,4.597402597402597
-101.90511541915268,4.590909090909091
-101.97264141195977,4.584415584415584
-102.35788760779208,4.577922077922078
-102.37145068804321,4.571428571428571
-102.47798200001232,4.564935064935065
-102.59360852847203,4.558441558441558
-103.492981402798,4.551948051948052
-103.67601043002536,4.545454545454546
-103.68498972397178,4.538961038961039
-105.12739157520029,4.532467532467533
-105.21269383982592,4.525974025974026
-106.20980709524245,4.51948051948052
-106.74480115667085,4.512987012987013
-107.13804258487617,4.5064935064935066
-107.69424627110877,4.5
-107.98538091920136,4.4935064935064934
-108.01114129008168,4.487012987012987
-108.15388196869257,4.48051948051948
-108.2649849141349,4.474025974025974
-108.35000315324582,4.467532467532467
-109.1968665961955,4.461038961038961
-109.33747876332211,4.454545454545455
-109.50986682340128,4.448051948051948
-110.10279171239654,4.441558441558442
-111.21160429649797,4.435064935064935
-111.30470535139347,4.428571428571429
-111.755472632851,4.422077922077922
-111.89903005815644,4.415584415584416
-112.2629417026222,4.409090909090909
-112.43279314695535,4.402597402597403
-112.66520426773084,4.396103896103896
-112.69102298925408,4.3896103896103895
-112.78477996144149,4.383116883116883
-112.81823890554807,4.376623376623376
-113.01442980706227,4.37012987012987
-113.12122339301915,4.363636363636363
-113.17191811388479,4.357142857142857
-113.19852310891574,4.35064935064935
-113.23850799134736,4.3441558441558445
-114.99168796028883,4.337662337662338
-116.40344562310706,4.3311688311688314
-116.53961839194984,4.324675324675325
-117.37019894954726,4.318181818181818
-117.53360097998483,4.311688311688312
-117.77456343238705,4.305194805194805
-118.09345312407032,4.298701298701299
-118.34382931365492,4.292207792207792
-118.53019727218127,4.285714285714286
-118.7227895648149,4.279220779220779
-119.68934058989072,4.2727272727272725
-121.78339277296784,4.266233766233766
-122.19053182626276,4.259740259740259
-122.39868764136142,4.253246753246753
-122.5196263318323,4.246753246753247
-123.01710956864954,4.240259740259741
-123.40546830913321,4.233766233766234
-123.81266335843286,4.2272727272727275
-123.92309162035647,4.220779220779221
-123.98753783522825,4.214285714285714
-124.00952815760903,4.207792207792208
-124.19448248381933,4.201298701298701
-124.28457034865104,4.194805194805195
-125.4039281169663,4.188311688311688
-126.3149463710895,4.181818181818182
-126.73463326687263,4.175324675324675
-127.72759741698283,4.1688311688311686
-129.21174407635561,4.162337662337662
-129.4397423435094,4.1558441558441555
-130.09125682350518,4.14935064935065
-130.1687304494871,4.142857142857143
-130.40144772736758,4.136363636363637
-130.74552533756489,4.12987012987013
-130.77766753696517,4.123376623376624
-130.82557417963793,4.116883116883117
-130.92933320809084,4.1103896103896105
-130.9842315903125,4.103896103896104
-131.09867651411403,4.097402597402597
-132.53070393984913,4.090909090909091
-133.29840313689598,4.084415584415584
-133.72662074580424,4.077922077922078
-134.210800790059,4.071428571428571
-134.3082368796124,4.064935064935065
-134.68779326543415,4.058441558441558
-134.71903430980083,4.051948051948052
-134.7512033772564,4.045454545454545
-135.4667768102647,4.038961038961039
-135.66411503460466,4.032467532467533
-135.79786734570447,4.025974025974026
-136.19057044147635,4.01948051948052
-136.83000272766827,4.012987012987013
-138.14506406599966,4.0064935064935066
-138.7979821747648,4
-139.2561367903498,3.98989898989899
-139.86310597474136,3.9797979797979797
-140.3139648846418,3.9696969696969697
-140.7760716102395,3.95959595959596
-141.33925085980385,3.9494949494949494
-141.59234472630715,3.9393939393939394
-142.2029790048793,3.9292929292929295
-142.86754114550686,3.919191919191919
-143.35768174373214,3.909090909090909
-143.7513568939359,3.898989898989899
-143.92030409265587,3.888888888888889
-144.25866613656737,3.878787878787879
-144.2588435305383,3.8686868686868685
-145.74101820157478,3.8585858585858586
-146.46529093757815,3.8484848484848486
-147.19971007470585,3.8383838383838382
-147.71715028843784,3.8282828282828283
-147.7451777213818,3.8181818181818183
-148.0158900130726,3.808080808080808
-148.17714277675427,3.797979797979798
-148.50289311528323,3.787878787878788
-149.04782757279438,3.7777777777777777
-149.25566925887702,3.7676767676767677
-149.47659755902873,3.757575757575758
-149.50269480253826,3.7474747474747474
-150.36588030168085,3.7373737373737375
-151.09975296799294,3.7272727272727275
-152.49485467978042,3.717171717171717
-152.5330538632003,3.707070707070707
-152.68012360678148,3.696969696969697
-153.5340614607571,3.686868686868687
-153.6296166434498,3.676767676767677
-153.7873641649916,3.6666666666666665
-153.98286070315268,3.6565656565656566
-154.4695522894794,3.6464646464646466
-154.5079253590366,3.6363636363636362
-156.02219576397073,3.6262626262626263
-156.83006964496593,3.6161616161616164
-157.45113810946748,3.606060606060606
-157.66113157936547,3.595959595959596
-157.87206556366687,3.5858585858585856
-158.46481626209635,3.5757575757575757
-158.63429626204618,3.5656565656565657
-159.32972206750492,3.5555555555555554
-159.38346205725028,3.5454545454545454
-160.27238779048994,3.5353535353535355
-160.27899534241024,3.525252525252525
-162.49419686676524,3.515151515151515
-163.9076035819409,3.505050505050505
-164.44515742921175,3.494949494949495
-165.27530009296117,3.484848484848485
-165.65113536250823,3.474747474747475
-165.73805801071197,3.4646464646464645
-165.9207489531408,3.4545454545454546
-166.12698034798984,3.4444444444444446
-166.25137870849784,3.4343434343434343
-166.4082267792861,3.4242424242424243
-166.8199445519535,3.4141414141414144
-168.40009658495075,3.404040404040404
-168.67650570538123,3.393939393939394
-169.83794206850158,3.383838383838384
-170.10059875824598,3.3737373737373737
-170.75538989046447,3.3636363636363638
-171.37631645409843,3.3535353535353534
-171.39602263698052,3.3434343434343434
-173.85387143832352,3.3333333333333335
-175.05030662781138,3.323232323232323
-175.4731841607348,3.313131313131313
-175.63667863271925,3.3030303030303028
-176.0507716034235,3.292929292929293
-176.19368441970403,3.282828282828283
-177.10173102080637,3.2727272727272725
-177.32252464603368,3.2626262626262625
-178.00971181155953,3.2525252525252526
-178.3716211829492,3.242424242424242
-179.78592324072005,3.2323232323232323
-180.3861027720996,3.2222222222222223
-180.44466438289783,3.212121212121212
-180.48425377153234,3.202020202020202
-180.7474188636263,3.191919191919192
-181.15415184153352,3.1818181818181817
-184.65546089062138,3.1717171717171717
-184.6870100084161,3.1616161616161618
-185.5900054970625,3.1515151515151514
-185.95021326846145,3.1414141414141414
-187.85367319162097,3.1313131313131315
-188.24671917421972,3.121212121212121
-188.55775588293244,3.111111111111111
-188.7309706401776,3.101010101010101
-188.79443821760884,3.090909090909091
-191.1945216872297,3.080808080808081
-191.36761054419205,3.070707070707071
-191.4609973192867,3.0606060606060606
-191.50553117214122,3.0505050505050506
-192.85439426732978,3.0404040404040407
-192.94275307368792,3.0303030303030303
-193.5405043630878,3.0202020202020203
-193.5685679666229,3.01010101010101
-194.04785826221965,3
-194.19517818591711,2.984375
-196.30126955977448,2.96875
-196.3545001681507,2.953125
-196.87964767945874,2.9375
-197.26405422435684,2.921875
-197.52007709917422,2.90625
-198.35162741226355,2.890625
-198.41442691416313,2.875
-198.53395885915538,2.859375
-198.6078737151867,2.84375
-200.48337215735475,2.828125
-200.962835544232,2.8125
-201.48047184351407,2.796875
-201.7895949150245,2.78125
-202.3287503184024,2.765625
-202.4630387848565,2.75
-204.74842468372344,2.734375
-204.7607800175221,2.71875
-205.4257086253735,2.703125
-206.58391867623564,2.6875
-206.6407149503002,2.671875
-207.19226310960502,2.65625
-207.55054034548928,2.640625
-208.63280612330257,2.625
-209.6189750845955,2.609375
-209.9827901640758,2.59375
-210.1185169423916,2.578125
-210.65067151345966,2.5625
-211.10681764336093,2.546875
-213.08078797642293,2.53125
-213.48698055570222,2.515625
-213.52708300028286,2.5
-213.75397331530613,2.484375
-214.19541816061374,2.46875
-216.47469816565942,2.453125
-219.4702602396334,2.4375
-221.4567035715261,2.421875
-221.99529229147092,2.40625
-222.7090738442841,2.390625
-223.46426915164545,2.375
-223.611679569526,2.359375
-224.53570253774419,2.34375
-224.67676650132015,2.328125
-225.99984767975454,2.3125
-228.2235682669398,2.296875
-228.48291304370744,2.28125
-229.0300257496331,2.265625
-229.12137888780833,2.25
-231.62650834402453,2.234375
-234.65534319718074,2.21875
-235.77154282139213,2.203125
-235.8875812481453,2.1875
-236.3375192705627,2.171875
-236.3530631795158,2.15625
-237.7080607232413,2.140625
-238.08247077800522,2.125
-238.3656454241559,2.109375
-238.83964523738697,2.09375
-239.00835395827346,2.078125
-241.0592672889947,2.0625
-241.75311447925466,2.046875
-243.4489211808546,2.03125
-243.48753732016175,2.015625
-244.54621561276218,2
-246.94924399340547,1.9411764705882353
-249.71641704527877,1.8823529411764706
-250.1354896746483,1.8235294117647058
-250.5175820524472,1.7647058823529411
-252.18898644371342,1.7058823529411764
-255.16561244693182,1.6470588235294117
-255.73846003704102,1.5882352941176472
-257.9034380848798,1.5294117647058822
-257.9404065199351,1.4705882352941178
-258.6340933670816,1.4117647058823528
-259.84464197959096,1.3529411764705883
-266.3306582858569,1.2941176470588234
-266.68942606796094,1.2352941176470589
-267.66805369822754,1.1764705882352942
-267.66839399218844,1.1176470588235294
-268.1721870826016,1.0588235294117647
-269.6712061437016,1
-271.56606236591807,0.967741935483871
-275.9086570358746,0.935483870967742
-276.0710865554001,0.9032258064516129
-278.2265734272478,0.8709677419354839
-280.69851115177374,0.8387096774193549
-282.94966692863306,0.8064516129032258
-284.0259583273489,0.7741935483870968
-284.2203679770192,0.7419354838709677
-286.73397920892404,0.7096774193548387
-288.78546917352213,0.6774193548387097
-290.4537530767619,0.6451612903225806
-295.35494580823195,0.6129032258064516
-301.0274632119308,0.5806451612903225
-302.5018149026333,0.5483870967741935
-302.8843138223853,0.5161290322580645
-303.2279745646961,0.4838709677419355
-310.39824957629327,0.4516129032258065
-311.55322329062835,0.4193548387096774
-320.5932896142351,0.3870967741935484
-321.58490605085564,0.3548387096774194
-327.46432596066575,0.32258064516129037
-328.33154592675703,0.29032258064516125
-332.44624826856426,0.25806451612903225
-343.89472734784164,0.22580645161290325
-347.57303140992866,0.19354838709677424
-351.5408184383514,0.16129032258064513
-376.8203666886462,0.12903225806451613
-391.5969421295475,0.09677419354838712
-414.8577848500957,0.06451612903225812
-491.023634195245,0.032258064516129004